chunk,chunk,chunk,chunk,chunk,chunk,chunk,Air temperature [C],Air temperature [C],Air temperature [C],Air temperature [C],Process temperature [C],Process temperature [C],Process temperature [C],Process temperature [C],Rotational speed [rpm],Rotational speed [rpm],Rotational speed [rpm],Rotational speed [rpm],Torque [Nm],Torque [Nm],Torque [Nm],Torque [Nm],Tool wear [min],Tool wear [min],Tool wear [min],Tool wear [min]
chunk,chunk,chunk,chunk,chunk,chunk,chunk,jensen_shannon,jensen_shannon,jensen_shannon,jensen_shannon,jensen_shannon,jensen_shannon,jensen_shannon,jensen_shannon,jensen_shannon,jensen_shannon,jensen_shannon,jensen_shannon,jensen_shannon,jensen_shannon,jensen_shannon,jensen_shannon,jensen_shannon,jensen_shannon,jensen_shannon,jensen_shannon
key,chunk_index,start_index,end_index,start_date,end_date,period,value,upper_threshold,lower_threshold,alert,value,upper_threshold,lower_threshold,alert,value,upper_threshold,lower_threshold,alert,value,upper_threshold,lower_threshold,alert,value,upper_threshold,lower_threshold,alert
[0:49],0,0,49,,,reference,0.7656233702655925,0.7,0.3,True,0.738722045341342,0.7,0.3,True,0.2387780201082164,0.7,0.3,True,0.27732960209286733,0.7,0.3,True,0.44612695789348134,0.7,0.3,False
[50:99],1,50,99,,,reference,0.8590992548283505,0.7,0.3,True,0.7730308620427746,0.7,0.3,True,0.24059100705804332,0.7,0.3,True,0.24339645376772787,0.7,0.3,True,0.47616824887435133,0.7,0.3,False
[100:149],2,100,149,,,reference,0.8275645944377221,0.7,0.3,True,0.784630223522622,0.7,0.3,True,0.20257528459441276,0.7,0.3,True,0.1404549103367692,0.7,0.3,True,0.46045582866034107,0.7,0.3,False
[150:199],3,150,199,,,reference,0.8837312822650587,0.7,0.3,True,0.8054891788476308,0.7,0.3,True,0.30160670960752856,0.7,0.3,False,0.25914023969003624,0.7,0.3,True,0.43423679696496587,0.7,0.3,False
[200:249],4,200,249,,,reference,0.8094416369818122,0.7,0.3,True,0.7771595861206172,0.7,0.3,True,0.1870645023773826,0.7,0.3,True,0.24632369141108149,0.7,0.3,True,0.5290224027651509,0.7,0.3,False
[250:299],5,250,299,,,reference,0.8003595825225374,0.7,0.3,True,0.809911035495829,0.7,0.3,True,0.2138065167038452,0.7,0.3,True,0.2188839822653478,0.7,0.3,True,0.4699629043453138,0.7,0.3,False
[300:349],6,300,349,,,reference,0.8428026557810674,0.7,0.3,True,0.7860862923958373,0.7,0.3,True,0.24957617669938076,0.7,0.3,True,0.23302777388390117,0.7,0.3,True,0.4748478253747192,0.7,0.3,False
[350:399],7,350,399,,,reference,0.8242187732674439,0.7,0.3,True,0.7879929579126795,0.7,0.3,True,0.21269474594463528,0.7,0.3,True,0.20698383327467232,0.7,0.3,True,0.4474422512398277,0.7,0.3,False
[400:449],8,400,449,,,reference,0.8260965470651139,0.7,0.3,True,0.7784801580051816,0.7,0.3,True,0.1819845642282281,0.7,0.3,True,0.25227472755143976,0.7,0.3,True,0.5150973465477503,0.7,0.3,False
[450:499],9,450,499,,,reference,0.8409901742824385,0.7,0.3,True,0.7715092873165628,0.7,0.3,True,0.30063650280894255,0.7,0.3,False,0.2617976046725995,0.7,0.3,True,0.47493911122969895,0.7,0.3,False
[500:549],10,500,549,,,reference,0.8233908190905901,0.7,0.3,True,0.7833626401633855,0.7,0.3,True,0.18828303803812727,0.7,0.3,True,0.23563195395003508,0.7,0.3,True,0.473004761760371,0.7,0.3,False
[550:599],11,550,599,,,reference,0.8390306193370435,0.7,0.3,True,0.7651003450163778,0.7,0.3,True,0.24281033353597004,0.7,0.3,True,0.23273594346647347,0.7,0.3,True,0.5033892164891807,0.7,0.3,False
[600:649],12,600,649,,,reference,0.8008794358988266,0.7,0.3,True,0.6945640349362632,0.7,0.3,False,0.2713395059506171,0.7,0.3,True,0.27476242773974585,0.7,0.3,True,0.45664956079425456,0.7,0.3,False
[650:699],13,650,699,,,reference,0.8809620949255913,0.7,0.3,True,0.7820683728536504,0.7,0.3,True,0.21687643452758834,0.7,0.3,True,0.21759268241737456,0.7,0.3,True,0.4276403910117254,0.7,0.3,False
[700:749],14,700,749,,,reference,0.8071994525859305,0.7,0.3,True,0.7418524193064574,0.7,0.3,True,0.19555350041356226,0.7,0.3,True,0.16512774599765162,0.7,0.3,True,0.4559742541822149,0.7,0.3,False
[750:799],15,750,799,,,reference,0.9416785538531843,0.7,0.3,True,0.8309309174658529,0.7,0.3,True,0.16554089053493481,0.7,0.3,True,0.1433018587799719,0.7,0.3,True,0.5845752104998669,0.7,0.3,False
[800:849],16,800,849,,,reference,0.9137115538751764,0.7,0.3,True,0.8789611045925533,0.7,0.3,True,0.3209152747637946,0.7,0.3,False,0.3056400796521455,0.7,0.3,False,0.4975677920374384,0.7,0.3,False
[850:899],17,850,899,,,reference,0.9667058303288405,0.7,0.3,True,0.9617306620559362,0.7,0.3,True,0.2318843102357309,0.7,0.3,True,0.305131369490325,0.7,0.3,False,0.449286990053416,0.7,0.3,False
[900:949],18,900,949,,,reference,0.9797267807826588,0.7,0.3,True,0.978291405349465,0.7,0.3,True,0.19596909967663623,0.7,0.3,True,0.13929251677321233,0.7,0.3,True,0.42632875524162367,0.7,0.3,False
[950:999],19,950,999,,,reference,0.9487203580424537,0.7,0.3,True,0.9626589625617384,0.7,0.3,True,0.2624704361015334,0.7,0.3,True,0.22759218825341548,0.7,0.3,True,0.470053844196533,0.7,0.3,False
[1000:1049],20,1000,1049,,,reference,0.951167070160517,0.7,0.3,True,0.9246516666572293,0.7,0.3,True,0.1319150173767164,0.7,0.3,True,0.18014190551855666,0.7,0.3,True,0.47617923085482966,0.7,0.3,False
[1050:1099],21,1050,1099,,,reference,0.8995716714958228,0.7,0.3,True,0.8596098626810067,0.7,0.3,True,0.23270500735380356,0.7,0.3,True,0.1924700182758862,0.7,0.3,True,0.43144144678680646,0.7,0.3,False
[1100:1149],22,1100,1149,,,reference,0.9067763253148194,0.7,0.3,True,0.830359029224549,0.7,0.3,True,0.19969917472970342,0.7,0.3,True,0.20887988393642268,0.7,0.3,True,0.46291083723399173,0.7,0.3,False
[1150:1199],23,1150,1199,,,reference,0.8868656556691082,0.7,0.3,True,0.7916047016511535,0.7,0.3,True,0.2666798974193674,0.7,0.3,True,0.21945465346791,0.7,0.3,True,0.5003800703275857,0.7,0.3,False
[1200:1249],24,1200,1249,,,reference,0.8843239999666874,0.7,0.3,True,0.7679380005332974,0.7,0.3,True,0.20751033839723235,0.7,0.3,True,0.23595691391733126,0.7,0.3,True,0.42630387417674037,0.7,0.3,False
[1250:1299],25,1250,1299,,,reference,0.6990843221670947,0.7,0.3,False,0.6850318309421578,0.7,0.3,False,0.2381983054846194,0.7,0.3,True,0.25849576832249505,0.7,0.3,True,0.4079250663759722,0.7,0.3,False
[1300:1349],26,1300,1349,,,reference,0.8388121142502021,0.7,0.3,True,0.7744490876602365,0.7,0.3,True,0.24163242050521386,0.7,0.3,True,0.27436812068301586,0.7,0.3,True,0.5385690493357608,0.7,0.3,False
[1350:1399],27,1350,1399,,,reference,0.8330968255420276,0.7,0.3,True,0.7928594527848625,0.7,0.3,True,0.22522228690524826,0.7,0.3,True,0.2278952579418519,0.7,0.3,True,0.4759553548866191,0.7,0.3,False
[1400:1449],28,1400,1449,,,reference,0.878316110710147,0.7,0.3,True,0.7557281596976932,0.7,0.3,True,0.19319342551219484,0.7,0.3,True,0.23317273014891415,0.7,0.3,True,0.47839581940148057,0.7,0.3,False
[1450:1499],29,1450,1499,,,reference,0.7002565246389886,0.7,0.3,True,0.5952847145562422,0.7,0.3,False,0.16169380190539126,0.7,0.3,True,0.1967803678141432,0.7,0.3,True,0.48603166499591655,0.7,0.3,False
[1500:1549],30,1500,1549,,,reference,0.8078836378921157,0.7,0.3,True,0.7733340585732977,0.7,0.3,True,0.2685989464586007,0.7,0.3,True,0.3187746867277765,0.7,0.3,False,0.47952997612255815,0.7,0.3,False
[1550:1599],31,1550,1599,,,reference,0.8154077556195171,0.7,0.3,True,0.8054891788476308,0.7,0.3,True,0.22269761916533895,0.7,0.3,True,0.17618893608972666,0.7,0.3,True,0.4982771919235987,0.7,0.3,False
[1600:1649],32,1600,1649,,,reference,0.8809620949255913,0.7,0.3,True,0.849809437959579,0.7,0.3,True,0.15209972214224535,0.7,0.3,True,0.2206846910482684,0.7,0.3,True,0.4584336484624433,0.7,0.3,False
[1650:1699],33,1650,1699,,,reference,0.8003986749651023,0.7,0.3,True,0.8308951519738024,0.7,0.3,True,0.2259921199390375,0.7,0.3,True,0.2214598980104536,0.7,0.3,True,0.4726891285071737,0.7,0.3,False
[1700:1749],34,1700,1749,,,reference,0.8437555280956255,0.7,0.3,True,0.8427498363005761,0.7,0.3,True,0.19316049660553342,0.7,0.3,True,0.20197803622646976,0.7,0.3,True,0.4677389169602988,0.7,0.3,False
[1750:1799],35,1750,1799,,,reference,0.7847149812192001,0.7,0.3,True,0.8297598045063415,0.7,0.3,True,0.21089124608361176,0.7,0.3,True,0.1872937985928453,0.7,0.3,True,0.4158986023553052,0.7,0.3,False
[1800:1849],36,1800,1849,,,reference,0.8009747779533409,0.7,0.3,True,0.9226681050585875,0.7,0.3,True,0.21068778714416025,0.7,0.3,True,0.16723923011996064,0.7,0.3,True,0.44977279481155935,0.7,0.3,False
[1850:1899],37,1850,1899,,,reference,0.8056500142173723,0.7,0.3,True,0.8443575265203285,0.7,0.3,True,0.2275885661020755,0.7,0.3,True,0.19053050110378209,0.7,0.3,True,0.47584179266931126,0.7,0.3,False
[1900:1949],38,1900,1949,,,reference,0.8003595825225374,0.7,0.3,True,0.8347178094933838,0.7,0.3,True,0.24910506591684028,0.7,0.3,True,0.22236344592477036,0.7,0.3,True,0.47793016052817305,0.7,0.3,False
[1950:1999],39,1950,1999,,,reference,0.8035515392980592,0.7,0.3,True,0.8596098626810067,0.7,0.3,True,0.27567233907432714,0.7,0.3,True,0.23272636490995308,0.7,0.3,True,0.41493478995693056,0.7,0.3,False
[2000:2049],40,2000,2049,,,reference,0.7506201961882522,0.7,0.3,True,0.708646658590779,0.7,0.3,True,0.23551776005883995,0.7,0.3,True,0.19476500229758015,0.7,0.3,True,0.4608164207532187,0.7,0.3,False
[2050:2099],41,2050,2099,,,reference,0.845134228249582,0.7,0.3,True,0.775224302612297,0.7,0.3,True,0.17219437192638506,0.7,0.3,True,0.17262161874148382,0.7,0.3,True,0.4732475329748815,0.7,0.3,False
[2100:2149],42,2100,2149,,,reference,0.9002030983519432,0.7,0.3,True,0.774760931884756,0.7,0.3,True,0.17034874508864734,0.7,0.3,True,0.2710255965874471,0.7,0.3,True,0.4099388605588464,0.7,0.3,False
[2150:2199],43,2150,2199,,,reference,0.845134228249582,0.7,0.3,True,0.7841553478399437,0.7,0.3,True,0.2548707943149821,0.7,0.3,True,0.2491989248295592,0.7,0.3,True,0.47779759378700903,0.7,0.3,False
[2200:2249],44,2200,2249,,,reference,0.8357042824862286,0.7,0.3,True,0.7083969191152126,0.7,0.3,True,0.295221527846639,0.7,0.3,True,0.18022734529392312,0.7,0.3,True,0.47263617731489826,0.7,0.3,False
[2250:2299],45,2250,2299,,,reference,0.9002030983519432,0.7,0.3,True,0.7804087297972803,0.7,0.3,True,0.29711998423412883,0.7,0.3,True,0.22872870388431013,0.7,0.3,True,0.4750168697365957,0.7,0.3,False
[2300:2349],46,2300,2349,,,reference,0.8682528535524277,0.7,0.3,True,0.7804087297972803,0.7,0.3,True,0.21328630014080388,0.7,0.3,True,0.22535023502327753,0.7,0.3,True,0.5248297680489513,0.7,0.3,False
[2350:2399],47,2350,2399,,,reference,0.8794279562352755,0.7,0.3,True,0.7763942274122387,0.7,0.3,True,0.28970413297745284,0.7,0.3,True,0.16725211834353226,0.7,0.3,True,0.4769013290012875,0.7,0.3,False
[2400:2449],48,2400,2449,,,reference,0.8123419725466208,0.7,0.3,True,0.776746201887073,0.7,0.3,True,0.27171399052743445,0.7,0.3,True,0.24777808028274456,0.7,0.3,True,0.45074091938307737,0.7,0.3,False
[2450:2499],49,2450,2499,,,reference,0.8171204974138795,0.7,0.3,True,0.829904624592614,0.7,0.3,True,0.22813524534809576,0.7,0.3,True,0.21669438485965678,0.7,0.3,True,0.4937796506234085,0.7,0.3,False
[2500:2549],50,2500,2549,,,reference,0.8114973698961456,0.7,0.3,True,0.7793001448808433,0.7,0.3,True,0.19659080521737218,0.7,0.3,True,0.19359790634692225,0.7,0.3,True,0.5137571408551516,0.7,0.3,False
[2550:2599],51,2550,2599,,,reference,0.8239844220691075,0.7,0.3,True,0.7758597762380284,0.7,0.3,True,0.23360404667777698,0.7,0.3,True,0.2238467731537825,0.7,0.3,True,0.4755697582291238,0.7,0.3,False
[2600:2649],52,2600,2649,,,reference,0.8355217422652715,0.7,0.3,True,0.7652763221240998,0.7,0.3,True,0.28136596498244226,0.7,0.3,True,0.21444533246500447,0.7,0.3,True,0.4198969570093847,0.7,0.3,False
[2650:2699],53,2650,2699,,,reference,0.9066697644681615,0.7,0.3,True,0.7620579209408104,0.7,0.3,True,0.26007568259916136,0.7,0.3,True,0.2078454813202563,0.7,0.3,True,0.5223251800244605,0.7,0.3,False
[2700:2749],54,2700,2749,,,reference,0.8364252167655605,0.7,0.3,True,0.8661513801610878,0.7,0.3,True,0.22568329589080802,0.7,0.3,True,0.18752480921385284,0.7,0.3,True,0.46712067534024937,0.7,0.3,False
[2750:2799],55,2750,2799,,,reference,0.7745662647442746,0.7,0.3,True,0.7611520858669175,0.7,0.3,True,0.20589555357187597,0.7,0.3,True,0.19549326831809938,0.7,0.3,True,0.47675489026403456,0.7,0.3,False
[2800:2849],56,2800,2849,,,reference,0.7863336424331426,0.7,0.3,True,0.775224302612297,0.7,0.3,True,0.22279828775406152,0.7,0.3,True,0.18429990555196282,0.7,0.3,True,0.497689740679799,0.7,0.3,False
[2850:2899],57,2850,2899,,,reference,0.7967739104567991,0.7,0.3,True,0.761908073039214,0.7,0.3,True,0.2269077646976862,0.7,0.3,True,0.22570576983817367,0.7,0.3,True,0.5654593351980989,0.7,0.3,False
[2900:2949],58,2900,2949,,,reference,0.7814490969871585,0.7,0.3,True,0.7855772143787322,0.7,0.3,True,0.1967216445171439,0.7,0.3,True,0.1827528993160619,0.7,0.3,True,0.45433656224649593,0.7,0.3,False
[2950:2999],59,2950,2999,,,reference,0.806160303305047,0.7,0.3,True,0.7651003450163778,0.7,0.3,True,0.1858467461548649,0.7,0.3,True,0.21031242872767383,0.7,0.3,True,0.4549123100043962,0.7,0.3,False
[3000:3049],60,3000,3049,,,reference,0.8237032590195421,0.7,0.3,True,0.7855772143787322,0.7,0.3,True,0.24287273933676437,0.7,0.3,True,0.24059745795707124,0.7,0.3,True,0.5305097158365834,0.7,0.3,False
[3050:3099],61,3050,3099,,,reference,0.84476231487718,0.7,0.3,True,0.8661513801610878,0.7,0.3,True,0.1996786646014305,0.7,0.3,True,0.2413248374572094,0.7,0.3,True,0.4558050229281211,0.7,0.3,False
[3100:3149],62,3100,3149,,,reference,0.7991554259245396,0.7,0.3,True,0.7616165421997915,0.7,0.3,True,0.2544075353854258,0.7,0.3,True,0.24320855216438,0.7,0.3,True,0.4381480079370203,0.7,0.3,False
[3150:3199],63,3150,3199,,,reference,0.7852514862792156,0.7,0.3,True,0.761244627196054,0.7,0.3,True,0.22284259046741028,0.7,0.3,True,0.2418469392639763,0.7,0.3,True,0.5244895017165706,0.7,0.3,False
[3200:3249],64,3200,3249,,,reference,0.7358720503622154,0.7,0.3,True,0.7383996703633664,0.7,0.3,True,0.2733421439605431,0.7,0.3,True,0.16201583642976913,0.7,0.3,True,0.4545918329658055,0.7,0.3,False
[3250:3299],65,3250,3299,,,reference,0.8352726014885146,0.7,0.3,True,0.7521743397073459,0.7,0.3,True,0.27214141523439034,0.7,0.3,True,0.20835997308982077,0.7,0.3,True,0.47462029398711053,0.7,0.3,False
[3300:3349],66,3300,3349,,,reference,0.8789185483274486,0.7,0.3,True,0.7394460309598083,0.7,0.3,True,0.24456480075583634,0.7,0.3,True,0.16426757984821663,0.7,0.3,True,0.5101016332792403,0.7,0.3,False
[3350:3399],67,3350,3399,,,reference,0.9074466997883067,0.7,0.3,True,0.8007365125380694,0.7,0.3,True,0.23354641160010592,0.7,0.3,True,0.22097528299490823,0.7,0.3,True,0.47013864828940277,0.7,0.3,False
[3400:3449],68,3400,3449,,,reference,0.8623083237025582,0.7,0.3,True,0.7454464828506807,0.7,0.3,True,0.20475942393171098,0.7,0.3,True,0.23233057384474048,0.7,0.3,True,0.5264039432069461,0.7,0.3,False
[3450:3499],69,3450,3499,,,reference,0.8299300280143815,0.7,0.3,True,0.7506736417995942,0.7,0.3,True,0.24806036909408458,0.7,0.3,True,0.16605126562131844,0.7,0.3,True,0.45082751672300053,0.7,0.3,False
[3500:3549],70,3500,3549,,,reference,0.8423519930166012,0.7,0.3,True,0.777905292904892,0.7,0.3,True,0.16035961393684292,0.7,0.3,True,0.1600837385303449,0.7,0.3,True,0.44276400279793643,0.7,0.3,False
[3550:3599],71,3550,3599,,,reference,0.8280101785121378,0.7,0.3,True,0.742560908199246,0.7,0.3,True,0.22985336266152168,0.7,0.3,True,0.22432867387864447,0.7,0.3,True,0.4663528744425115,0.7,0.3,False
[3600:3649],72,3600,3649,,,reference,0.8060566290995679,0.7,0.3,True,0.716144678625047,0.7,0.3,True,0.2981022297195723,0.7,0.3,True,0.3012144515551611,0.7,0.3,False,0.47760832647430634,0.7,0.3,False
[3650:3699],73,3650,3699,,,reference,0.8657763984214306,0.7,0.3,True,0.8059442228314733,0.7,0.3,True,0.15792451993110662,0.7,0.3,True,0.17964007646914465,0.7,0.3,True,0.4798102799246224,0.7,0.3,False
[3700:3749],74,3700,3749,,,reference,0.8397267371344032,0.7,0.3,True,0.8580908314197869,0.7,0.3,True,0.20466193194266757,0.7,0.3,True,0.2710656140050658,0.7,0.3,True,0.45239079926119397,0.7,0.3,False
[3750:3799],75,3750,3799,,,reference,0.841200525948972,0.7,0.3,True,0.7464369410964907,0.7,0.3,True,0.20813222918744254,0.7,0.3,True,0.26573407193469084,0.7,0.3,True,0.46595788920051023,0.7,0.3,False
[3800:3849],76,3800,3849,,,reference,0.8421576791911035,0.7,0.3,True,0.7608071776792422,0.7,0.3,True,0.21848161794750706,0.7,0.3,True,0.21439324273591426,0.7,0.3,True,0.4626790929141569,0.7,0.3,False
[3850:3899],77,3850,3899,,,reference,0.8489601906718176,0.7,0.3,True,0.7308035422924054,0.7,0.3,True,0.20648588455899652,0.7,0.3,True,0.174501700529707,0.7,0.3,True,0.49217587451945805,0.7,0.3,False
[3900:3949],78,3900,3949,,,reference,0.8412529767994221,0.7,0.3,True,0.8310404772226541,0.7,0.3,True,0.23617069723192755,0.7,0.3,True,0.3231603989433801,0.7,0.3,False,0.43383467987532237,0.7,0.3,False
[3950:3999],79,3950,3999,,,reference,0.8602906276446936,0.7,0.3,True,0.8195534878793908,0.7,0.3,True,0.22212461512157497,0.7,0.3,True,0.21489183457170866,0.7,0.3,True,0.44507612144378716,0.7,0.3,False
[4000:4049],80,4000,4049,,,reference,0.8908077979791004,0.7,0.3,True,0.7492146466572666,0.7,0.3,True,0.24234406867747893,0.7,0.3,True,0.1507540947534896,0.7,0.3,True,0.5575323255884151,0.7,0.3,False
[4050:4099],81,4050,4099,,,reference,0.8908077979791004,0.7,0.3,True,0.7394460309598083,0.7,0.3,True,0.28309273650133554,0.7,0.3,True,0.21016029704782074,0.7,0.3,True,0.47580528283531215,0.7,0.3,False
[4100:4149],82,4100,4149,,,reference,0.8380455232438534,0.7,0.3,True,0.7469919540968625,0.7,0.3,True,0.26896596719743276,0.7,0.3,True,0.25100270760654475,0.7,0.3,True,0.47328580391790753,0.7,0.3,False
[4150:4199],83,4150,4199,,,reference,0.8384183197426998,0.7,0.3,True,0.6922714152026479,0.7,0.3,False,0.304300850456142,0.7,0.3,False,0.17303930141140203,0.7,0.3,True,0.45711093226381216,0.7,0.3,False
[4200:4249],84,4200,4249,,,reference,0.8403956707699324,0.7,0.3,True,0.791744089851746,0.7,0.3,True,0.26042831630698904,0.7,0.3,True,0.1760419599975086,0.7,0.3,True,0.48756348737699723,0.7,0.3,False
[4250:4299],85,4250,4299,,,reference,0.795849959113935,0.7,0.3,True,0.585167002816058,0.7,0.3,False,0.26388428594591423,0.7,0.3,True,0.24881670511243031,0.7,0.3,True,0.49123525990925143,0.7,0.3,False
[4300:4349],86,4300,4349,,,reference,0.8520446866460747,0.7,0.3,True,0.7516905807472986,0.7,0.3,True,0.18414596628097585,0.7,0.3,True,0.23207992323253576,0.7,0.3,True,0.45656320547432655,0.7,0.3,False
[4350:4399],87,4350,4399,,,reference,0.8551096495197175,0.7,0.3,True,0.7603347973143613,0.7,0.3,True,0.22716533069518968,0.7,0.3,True,0.23288608620771925,0.7,0.3,True,0.5149134052484796,0.7,0.3,False
[4400:4449],88,4400,4449,,,reference,0.858908844011194,0.7,0.3,True,0.8304638264513456,0.7,0.3,True,0.25471947094669084,0.7,0.3,True,0.28587935235646467,0.7,0.3,True,0.46709240677746167,0.7,0.3,False
[4450:4499],89,4450,4499,,,reference,0.9005139215979192,0.7,0.3,True,0.7724922128142293,0.7,0.3,True,0.20930543406131658,0.7,0.3,True,0.22970178134713057,0.7,0.3,True,0.47367379542540794,0.7,0.3,False
[4500:4549],90,4500,4549,,,reference,0.9005139215979192,0.7,0.3,True,0.8052021149957205,0.7,0.3,True,0.19525808604713119,0.7,0.3,True,0.1822945858918456,0.7,0.3,True,0.5099364676711319,0.7,0.3,False
[4550:4599],91,4550,4599,,,reference,0.8849077010676928,0.7,0.3,True,0.6783212211208355,0.7,0.3,False,0.15183504862481614,0.7,0.3,True,0.16486417268404482,0.7,0.3,True,0.44724885514085777,0.7,0.3,False
[4600:4649],92,4600,4649,,,reference,0.9468886902557617,0.7,0.3,True,0.793057927739421,0.7,0.3,True,0.22227486399940205,0.7,0.3,True,0.2351793163144813,0.7,0.3,True,0.5437570012219979,0.7,0.3,False
[4650:4699],93,4650,4699,,,reference,0.9030135353774689,0.7,0.3,True,0.7841309792469298,0.7,0.3,True,0.21773839873092107,0.7,0.3,True,0.22699111201280664,0.7,0.3,True,0.4484397955877606,0.7,0.3,False
[4700:4749],94,4700,4749,,,reference,0.9078576158221312,0.7,0.3,True,0.8089953009992329,0.7,0.3,True,0.2568899307119671,0.7,0.3,True,0.15244617591047402,0.7,0.3,True,0.5468362679807799,0.7,0.3,False
[4750:4799],95,4750,4799,,,reference,0.9060112580398165,0.7,0.3,True,0.7765062991084045,0.7,0.3,True,0.21797023992249495,0.7,0.3,True,0.23917194741294934,0.7,0.3,True,0.45521751999689775,0.7,0.3,False
[4800:4849],96,4800,4849,,,reference,0.9006568738526975,0.7,0.3,True,0.8697711498891946,0.7,0.3,True,0.1730233673013183,0.7,0.3,True,0.16078628110833665,0.7,0.3,True,0.4512059629461604,0.7,0.3,False
[4850:4899],97,4850,4899,,,reference,0.9373584807481345,0.7,0.3,True,0.899726202340104,0.7,0.3,True,0.21767603052923645,0.7,0.3,True,0.1589760671042929,0.7,0.3,True,0.4781641358178146,0.7,0.3,False
[4900:4949],98,4900,4949,,,reference,0.9004281532733868,0.7,0.3,True,0.9057640042009412,0.7,0.3,True,0.22147113615493152,0.7,0.3,True,0.2608578461936015,0.7,0.3,True,0.4444911990054727,0.7,0.3,False
[4950:4999],99,4950,4999,,,reference,0.9282903507246824,0.7,0.3,True,0.9038051991348637,0.7,0.3,True,0.2886526390142048,0.7,0.3,True,0.2730250466591099,0.7,0.3,True,0.4926302172183741,0.7,0.3,False
[5000:5049],100,5000,5049,,,reference,0.9201904999705355,0.7,0.3,True,0.931962681290617,0.7,0.3,True,0.17905455012361585,0.7,0.3,True,0.19737847269060443,0.7,0.3,True,0.464056175804452,0.7,0.3,False
[5050:5099],101,5050,5099,,,reference,0.9280982872155129,0.7,0.3,True,0.9448106384711433,0.7,0.3,True,0.21007552972534616,0.7,0.3,True,0.2533890945758076,0.7,0.3,True,0.42126243360807303,0.7,0.3,False
[5100:5149],102,5100,5149,,,reference,0.9503134729237582,0.7,0.3,True,0.9644713360914197,0.7,0.3,True,0.2495534213226156,0.7,0.3,True,0.20563300423101913,0.7,0.3,True,0.5059176944713586,0.7,0.3,False
[5150:5199],103,5150,5199,,,reference,0.9326734894834003,0.7,0.3,True,0.9459578105486007,0.7,0.3,True,0.28089937589320096,0.7,0.3,True,0.1939000990361382,0.7,0.3,True,0.4536401434237341,0.7,0.3,False
[5200:5249],104,5200,5249,,,reference,0.9150072369435185,0.7,0.3,True,0.9094733518717039,0.7,0.3,True,0.20030506016648789,0.7,0.3,True,0.22981966515588115,0.7,0.3,True,0.48304823189617363,0.7,0.3,False
[5250:5299],105,5250,5299,,,reference,0.9086055340990529,0.7,0.3,True,0.9460246200074443,0.7,0.3,True,0.29948785949267803,0.7,0.3,True,0.18286594550320892,0.7,0.3,True,0.5074209875594642,0.7,0.3,False
[5300:5349],106,5300,5349,,,reference,0.8869782342233206,0.7,0.3,True,0.8984597864030571,0.7,0.3,True,0.25617349576741294,0.7,0.3,True,0.23501862468029971,0.7,0.3,True,0.46737235415277295,0.7,0.3,False
[5350:5399],107,5350,5399,,,reference,0.875929063898834,0.7,0.3,True,0.9129972638706196,0.7,0.3,True,0.16733054898206218,0.7,0.3,True,0.22081348948481674,0.7,0.3,True,0.5735015375517233,0.7,0.3,False
[5400:5449],108,5400,5449,,,reference,0.8847754235368118,0.7,0.3,True,0.9110122807284451,0.7,0.3,True,0.1556858805944446,0.7,0.3,True,0.185888946481006,0.7,0.3,True,0.5193018692616604,0.7,0.3,False
[5450:5499],109,5450,5499,,,reference,0.885507465054832,0.7,0.3,True,0.8625057215201682,0.7,0.3,True,0.24891935405715304,0.7,0.3,True,0.23664232642048746,0.7,0.3,True,0.47287627476851873,0.7,0.3,False
[5500:5549],110,5500,5549,,,reference,0.828904493202085,0.7,0.3,True,0.8518190359345803,0.7,0.3,True,0.15707686784079633,0.7,0.3,True,0.1390067631417755,0.7,0.3,True,0.4762929233019702,0.7,0.3,False
[5550:5599],111,5550,5599,,,reference,0.8770860152991968,0.7,0.3,True,0.8816158062191108,0.7,0.3,True,0.23038662282805297,0.7,0.3,True,0.1827030414050945,0.7,0.3,True,0.44792447742306685,0.7,0.3,False
[5600:5649],112,5600,5649,,,reference,0.8852568595748368,0.7,0.3,True,0.8678716666899428,0.7,0.3,True,0.21141763510818617,0.7,0.3,True,0.18347377716375202,0.7,0.3,True,0.5070487444659502,0.7,0.3,False
[5650:5699],113,5650,5699,,,reference,0.8397267371344032,0.7,0.3,True,0.8047419919694299,0.7,0.3,True,0.22001642772906388,0.7,0.3,True,0.1673011155217135,0.7,0.3,True,0.4698235226266593,0.7,0.3,False
[5700:5749],114,5700,5749,,,reference,0.8421576791911035,0.7,0.3,True,0.8443776374996057,0.7,0.3,True,0.19652887092401608,0.7,0.3,True,0.22503846046399853,0.7,0.3,True,0.47981216559908146,0.7,0.3,False
[5750:5799],115,5750,5799,,,reference,0.8289614268861066,0.7,0.3,True,0.7739617777843678,0.7,0.3,True,0.20429249257779925,0.7,0.3,True,0.20520256115140578,0.7,0.3,True,0.4700309404744069,0.7,0.3,False
[5800:5849],116,5800,5849,,,reference,0.8586477823708037,0.7,0.3,True,0.7455806272842637,0.7,0.3,True,0.2562826040395376,0.7,0.3,True,0.2707585101951934,0.7,0.3,True,0.5266834208598796,0.7,0.3,False
[5850:5899],117,5850,5899,,,reference,0.8448445710621636,0.7,0.3,True,0.7426623050102388,0.7,0.3,True,0.21819990315320928,0.7,0.3,True,0.15824127144927932,0.7,0.3,True,0.473647193921405,0.7,0.3,False
[5900:5949],118,5900,5949,,,reference,0.7834295131927683,0.7,0.3,True,0.7553461433344804,0.7,0.3,True,0.1963761551635877,0.7,0.3,True,0.1903200511820881,0.7,0.3,True,0.4375089243587297,0.7,0.3,False
[5950:5999],119,5950,5999,,,reference,0.8130583402954731,0.7,0.3,True,0.771229886542507,0.7,0.3,True,0.20762101296541857,0.7,0.3,True,0.16053941072630126,0.7,0.3,True,0.5407086827371934,0.7,0.3,False
[6000:6049],120,6000,6049,,,reference,0.7814490969871585,0.7,0.3,True,0.7269601006150439,0.7,0.3,True,0.17486033631231165,0.7,0.3,True,0.191940609298605,0.7,0.3,True,0.46057515311250824,0.7,0.3,False
[6050:6099],121,6050,6099,,,reference,0.8625090303347642,0.7,0.3,True,0.7726315278264104,0.7,0.3,True,0.24736137915660855,0.7,0.3,True,0.22397907881148724,0.7,0.3,True,0.48035407230873955,0.7,0.3,False
[6100:6149],122,6100,6149,,,reference,0.8310082910454507,0.7,0.3,True,0.7529437400907077,0.7,0.3,True,0.2294405770996758,0.7,0.3,True,0.22375535335649901,0.7,0.3,True,0.46638178387029877,0.7,0.3,False
[6150:6199],123,6150,6199,,,reference,0.8625090303347642,0.7,0.3,True,0.7326959847104924,0.7,0.3,True,0.2608267999884937,0.7,0.3,True,0.22754704027014036,0.7,0.3,True,0.5265575097210933,0.7,0.3,False
[6200:6249],124,6200,6249,,,reference,0.788097462807331,0.7,0.3,True,0.7558164396229928,0.7,0.3,True,0.25089962108350106,0.7,0.3,True,0.19629664758018292,0.7,0.3,True,0.47894824829573274,0.7,0.3,False
[6250:6299],125,6250,6299,,,reference,0.8568083653356061,0.7,0.3,True,0.7393622060085152,0.7,0.3,True,0.2026096007379232,0.7,0.3,True,0.1596459484550472,0.7,0.3,True,0.4784432144594809,0.7,0.3,False
[6300:6349],126,6300,6349,,,reference,0.7603171757928129,0.7,0.3,True,0.6890179154063993,0.7,0.3,False,0.18955683048575883,0.7,0.3,True,0.14658729155329978,0.7,0.3,True,0.4291600527903476,0.7,0.3,False
[6350:6399],127,6350,6399,,,reference,0.8080639447792133,0.7,0.3,True,0.8516987079873355,0.7,0.3,True,0.18286941239497456,0.7,0.3,True,0.14737564279798124,0.7,0.3,True,0.4525984561392586,0.7,0.3,False
[6400:6449],128,6400,6449,,,reference,0.768360932643783,0.7,0.3,True,0.7570594514619962,0.7,0.3,True,0.24533037484103312,0.7,0.3,True,0.22055122596421686,0.7,0.3,True,0.48846590912626103,0.7,0.3,False
[6450:6499],129,6450,6499,,,reference,0.7967739104567991,0.7,0.3,True,0.7808766896878173,0.7,0.3,True,0.24101985991312663,0.7,0.3,True,0.259581684205533,0.7,0.3,True,0.4593544239982867,0.7,0.3,False
[6500:6549],130,6500,6549,,,reference,0.8365423341908661,0.7,0.3,True,0.6571174491356989,0.7,0.3,False,0.28409864621740827,0.7,0.3,True,0.30274677883070567,0.7,0.3,False,0.4378773795172533,0.7,0.3,False
[6550:6599],131,6550,6599,,,reference,0.9074466997883067,0.7,0.3,True,0.7530795961376908,0.7,0.3,True,0.2479797074442818,0.7,0.3,True,0.2565721474403613,0.7,0.3,True,0.47328155091061186,0.7,0.3,False
[6600:6649],132,6600,6649,,,reference,0.9074466997883067,0.7,0.3,True,0.7399077524100122,0.7,0.3,True,0.15812312246970328,0.7,0.3,True,0.15994626666662,0.7,0.3,True,0.4617480121072724,0.7,0.3,False
[6650:6699],133,6650,6699,,,reference,0.8775524129242382,0.7,0.3,True,0.7401745907349119,0.7,0.3,True,0.20859702072724337,0.7,0.3,True,0.20741812488103506,0.7,0.3,True,0.5092381356043162,0.7,0.3,False
[6700:6749],134,6700,6749,,,reference,0.8643162785220717,0.7,0.3,True,0.7608071776792422,0.7,0.3,True,0.212147321898144,0.7,0.3,True,0.15674869948658932,0.7,0.3,True,0.458260817718259,0.7,0.3,False
[6750:6799],135,6750,6799,,,reference,0.7942184262506666,0.7,0.3,True,0.7523746629500533,0.7,0.3,True,0.2206233333289021,0.7,0.3,True,0.20614576372203172,0.7,0.3,True,0.4440750307131218,0.7,0.3,False
[6800:6849],136,6800,6849,,,reference,0.8656243777557882,0.7,0.3,True,0.7492146466572666,0.7,0.3,True,0.20597743158221726,0.7,0.3,True,0.21258512046646716,0.7,0.3,True,0.47576835280299873,0.7,0.3,False
[6850:6899],137,6850,6899,,,reference,0.8992289811842173,0.7,0.3,True,0.8397994169272097,0.7,0.3,True,0.23130766731212518,0.7,0.3,True,0.23818624228069118,0.7,0.3,True,0.42191679561693496,0.7,0.3,False
[6900:6949],138,6900,6949,,,reference,0.8093911044877795,0.7,0.3,True,0.8170161275717585,0.7,0.3,True,0.30251479725191066,0.7,0.3,False,0.16269434716610157,0.7,0.3,True,0.4694171471138687,0.7,0.3,False
[6950:6999],139,6950,6999,,,reference,0.7814490969871585,0.7,0.3,True,0.7429816263463812,0.7,0.3,True,0.27137493648274313,0.7,0.3,True,0.20878803722293107,0.7,0.3,True,0.4674724081848984,0.7,0.3,False
[7000:7049],140,7000,7049,,,reference,0.8130583402954731,0.7,0.3,True,0.742560908199246,0.7,0.3,True,0.22180895749859866,0.7,0.3,True,0.20409374401348213,0.7,0.3,True,0.42016395419042846,0.7,0.3,False
[7050:7099],141,7050,7099,,,reference,0.7863769158024667,0.7,0.3,True,0.7553461433344804,0.7,0.3,True,0.23838094712175598,0.7,0.3,True,0.1936484856236798,0.7,0.3,True,0.47772829721195936,0.7,0.3,False
[7100:7149],142,7100,7149,,,reference,0.7819132264015218,0.7,0.3,True,0.7247147706834062,0.7,0.3,True,0.27517010629846117,0.7,0.3,True,0.18775933677021409,0.7,0.3,True,0.44340980714738776,0.7,0.3,False
[7150:7199],143,7150,7199,,,reference,0.7863336424331426,0.7,0.3,True,0.765604177936543,0.7,0.3,True,0.23442504205685294,0.7,0.3,True,0.2515362591279334,0.7,0.3,True,0.4797965369793711,0.7,0.3,False
[7200:7249],144,7200,7249,,,reference,0.9066697644681615,0.7,0.3,True,0.7731140901278636,0.7,0.3,True,0.21018314604433627,0.7,0.3,True,0.20028587022368988,0.7,0.3,True,0.466767331674795,0.7,0.3,False
[7250:7299],145,7250,7299,,,reference,0.7855482425854992,0.7,0.3,True,0.7682614085204608,0.7,0.3,True,0.2755810750534786,0.7,0.3,True,0.19336146905605858,0.7,0.3,True,0.4936664717887935,0.7,0.3,False
[7300:7349],146,7300,7349,,,reference,0.8374981968442845,0.7,0.3,True,0.8154130118959152,0.7,0.3,True,0.2309086247923255,0.7,0.3,True,0.21421990501664556,0.7,0.3,True,0.47326726947270276,0.7,0.3,False
[7350:7399],147,7350,7399,,,reference,0.835378157294443,0.7,0.3,True,0.6707231688254551,0.7,0.3,False,0.2610555297453431,0.7,0.3,True,0.15463670471373903,0.7,0.3,True,0.4625576024753687,0.7,0.3,False
[7400:7449],148,7400,7449,,,reference,0.8129637234243241,0.7,0.3,True,0.7145086826120943,0.7,0.3,True,0.15090419156884782,0.7,0.3,True,0.13697418104383685,0.7,0.3,True,0.47993430904000867,0.7,0.3,False
[7450:7499],149,7450,7499,,,reference,0.7870166264637022,0.7,0.3,True,0.8037668078069612,0.7,0.3,True,0.2323544742272658,0.7,0.3,True,0.146453711597802,0.7,0.3,True,0.4557107019362043,0.7,0.3,False
[7500:7549],150,7500,7549,,,reference,0.7852998571763884,0.7,0.3,True,0.8030950302654627,0.7,0.3,True,0.23771021831172526,0.7,0.3,True,0.2026025744621469,0.7,0.3,True,0.4495392835894223,0.7,0.3,False
[7550:7599],151,7550,7599,,,reference,0.8427959619351861,0.7,0.3,True,0.7723810240446473,0.7,0.3,True,0.2311387294757783,0.7,0.3,True,0.225506706872262,0.7,0.3,True,0.47688439361829726,0.7,0.3,False
[7600:7649],152,7600,7649,,,reference,0.8427959619351861,0.7,0.3,True,0.7884647072672757,0.7,0.3,True,0.21096263980546567,0.7,0.3,True,0.17323264279786843,0.7,0.3,True,0.4717973370431835,0.7,0.3,False
[7650:7699],153,7650,7699,,,reference,0.8229455353277247,0.7,0.3,True,0.8042028689155983,0.7,0.3,True,0.3069632030782078,0.7,0.3,False,0.23918734036962178,0.7,0.3,True,0.5303380009899004,0.7,0.3,False
[7700:7749],154,7700,7749,,,reference,0.8130583402954731,0.7,0.3,True,0.8114647251081633,0.7,0.3,True,0.28209953770823476,0.7,0.3,True,0.23628522543020058,0.7,0.3,True,0.4575681927458121,0.7,0.3,False
[7750:7799],155,7750,7799,,,reference,0.79036723823686,0.7,0.3,True,0.8038434769152006,0.7,0.3,True,0.2425955917874436,0.7,0.3,True,0.299597482357249,0.7,0.3,True,0.46896873131335876,0.7,0.3,False
[7800:7849],156,7800,7849,,,reference,0.8243501068786667,0.7,0.3,True,0.8205438553390524,0.7,0.3,True,0.19932431401111547,0.7,0.3,True,0.17294836505804878,0.7,0.3,True,0.5191327886261965,0.7,0.3,False
[7850:7899],157,7850,7899,,,reference,0.7814490969871585,0.7,0.3,True,0.8678716666899428,0.7,0.3,True,0.22900147753167702,0.7,0.3,True,0.24972084194152033,0.7,0.3,True,0.4997981587155776,0.7,0.3,False
[7900:7949],158,7900,7949,,,reference,0.787202016576756,0.7,0.3,True,0.8164605099727534,0.7,0.3,True,0.2249434271433782,0.7,0.3,True,0.2432411779035299,0.7,0.3,True,0.5243832618967352,0.7,0.3,False
[7950:7999],159,7950,7999,,,reference,0.8992289811842173,0.7,0.3,True,0.8492942645255247,0.7,0.3,True,0.19897370908774498,0.7,0.3,True,0.21850407167089764,0.7,0.3,True,0.4594426107066062,0.7,0.3,False
[8000:8049],160,8000,8049,,,reference,0.7902378819129054,0.7,0.3,True,0.9121543500415339,0.7,0.3,True,0.25173822725056744,0.7,0.3,True,0.15235864718269565,0.7,0.3,True,0.5275745404065936,0.7,0.3,False
[8050:8099],161,8050,8099,,,reference,0.7940503295028346,0.7,0.3,True,0.8061283258515507,0.7,0.3,True,0.23770303215666821,0.7,0.3,True,0.22133878724293163,0.7,0.3,True,0.46706026939394985,0.7,0.3,False
[8100:8149],162,8100,8149,,,reference,0.7288051618808303,0.7,0.3,True,0.7081123686527083,0.7,0.3,True,0.23183621599275758,0.7,0.3,True,0.17106965389672033,0.7,0.3,True,0.4328877656317004,0.7,0.3,False
[8150:8199],163,8150,8199,,,reference,0.8353904054125518,0.7,0.3,True,0.7426623050102388,0.7,0.3,True,0.1960882570632919,0.7,0.3,True,0.17275482699732886,0.7,0.3,True,0.5259288073083704,0.7,0.3,False
[8200:8249],164,8200,8249,,,reference,0.8239844220691075,0.7,0.3,True,0.7429178730582543,0.7,0.3,True,0.26857115373964446,0.7,0.3,True,0.2032981867779227,0.7,0.3,True,0.49898355930762756,0.7,0.3,False
[8250:8299],165,8250,8299,,,reference,0.8140257936466061,0.7,0.3,True,0.7133544343468146,0.7,0.3,True,0.2943899736060858,0.7,0.3,True,0.22893657908399676,0.7,0.3,True,0.43131013397263623,0.7,0.3,False
[8300:8349],166,8300,8349,,,reference,0.878316110710147,0.7,0.3,True,0.7731140901278636,0.7,0.3,True,0.22194560469235933,0.7,0.3,True,0.3047897564388338,0.7,0.3,False,0.41253383950890754,0.7,0.3,False
[8350:8399],167,8350,8399,,,reference,0.823319160166283,0.7,0.3,True,0.8516987079873355,0.7,0.3,True,0.2141925366358878,0.7,0.3,True,0.2831494734972758,0.7,0.3,True,0.4594063973778603,0.7,0.3,False
[8400:8449],168,8400,8449,,,reference,0.7621691683139904,0.7,0.3,True,0.6877873300578532,0.7,0.3,False,0.2171424012398997,0.7,0.3,True,0.1435462751795658,0.7,0.3,True,0.4392516170758285,0.7,0.3,False
[8450:8499],169,8450,8499,,,reference,0.7988135044917557,0.7,0.3,True,0.7819124222085995,0.7,0.3,True,0.21602175325108658,0.7,0.3,True,0.19516117180681855,0.7,0.3,True,0.4652375036551723,0.7,0.3,False
[8500:8549],170,8500,8549,,,reference,0.8166782697897753,0.7,0.3,True,0.7611520858669175,0.7,0.3,True,0.23107443572961772,0.7,0.3,True,0.1942591348833943,0.7,0.3,True,0.4510610667002929,0.7,0.3,False
[8550:8599],171,8550,8599,,,reference,0.7517602724655094,0.7,0.3,True,0.6802784353253479,0.7,0.3,False,0.234598554010214,0.7,0.3,True,0.23200979184401088,0.7,0.3,True,0.47450948394779396,0.7,0.3,False
[8600:8649],172,8600,8649,,,reference,0.82117534185084,0.7,0.3,True,0.7793737124290298,0.7,0.3,True,0.20835463166350357,0.7,0.3,True,0.2330928167239573,0.7,0.3,True,0.48271535651317854,0.7,0.3,False
[8650:8699],173,8650,8699,,,reference,0.8364272796935356,0.7,0.3,True,0.7885307868513063,0.7,0.3,True,0.21080358285614206,0.7,0.3,True,0.19784955248267722,0.7,0.3,True,0.43898711160176496,0.7,0.3,False
[8700:8749],174,8700,8749,,,reference,0.9093425322133426,0.7,0.3,True,0.8417176341194619,0.7,0.3,True,0.16792004308468245,0.7,0.3,True,0.2245479011936724,0.7,0.3,True,0.46882026552815337,0.7,0.3,False
[8750:8799],175,8750,8799,,,reference,0.8212998808790952,0.7,0.3,True,0.8088567494840924,0.7,0.3,True,0.2197008729892308,0.7,0.3,True,0.2522254768992446,0.7,0.3,True,0.45872187326700653,0.7,0.3,False
[8800:8849],176,8800,8849,,,reference,0.8539112671934719,0.7,0.3,True,0.7849402910258447,0.7,0.3,True,0.23620946235367135,0.7,0.3,True,0.19679510181924978,0.7,0.3,True,0.4038508102091106,0.7,0.3,False
[8850:8899],177,8850,8899,,,reference,0.7860967538557808,0.7,0.3,True,0.7718795422260096,0.7,0.3,True,0.25570414517315937,0.7,0.3,True,0.27976854668399004,0.7,0.3,True,0.45116728769349684,0.7,0.3,False
[8900:8949],178,8900,8949,,,reference,0.9093425322133426,0.7,0.3,True,0.7901296796317874,0.7,0.3,True,0.20495899222274006,0.7,0.3,True,0.227224320948059,0.7,0.3,True,0.46530633775147967,0.7,0.3,False
[8950:8999],179,8950,8999,,,reference,0.8850379925766608,0.7,0.3,True,0.8320654595238143,0.7,0.3,True,0.1401184919972091,0.7,0.3,True,0.16130235875903096,0.7,0.3,True,0.5066059661393141,0.7,0.3,False
[9000:9049],180,9000,9049,,,reference,0.8636254616959627,0.7,0.3,True,0.8218104618954017,0.7,0.3,True,0.23138136904281048,0.7,0.3,True,0.21760124963163446,0.7,0.3,True,0.4907036013619266,0.7,0.3,False
[9050:9099],181,9050,9099,,,reference,0.9093425322133426,0.7,0.3,True,0.7970291848177795,0.7,0.3,True,0.32052170878778036,0.7,0.3,False,0.26512358817976894,0.7,0.3,True,0.39423400068456593,0.7,0.3,False
[9100:9149],182,9100,9149,,,reference,0.8221488881829886,0.7,0.3,True,0.7864564237862757,0.7,0.3,True,0.27254026216502225,0.7,0.3,True,0.25387027686205527,0.7,0.3,True,0.46661105595640556,0.7,0.3,False
[9150:9199],183,9150,9199,,,reference,0.8626865866567619,0.7,0.3,True,0.7366937325029465,0.7,0.3,True,0.24328111976626499,0.7,0.3,True,0.17308962459292324,0.7,0.3,True,0.44941222291330435,0.7,0.3,False
[9200:9249],184,9200,9249,,,reference,0.8006306139779834,0.7,0.3,True,0.7726267032849945,0.7,0.3,True,0.2143942956634921,0.7,0.3,True,0.21069696348688124,0.7,0.3,True,0.47315971376513444,0.7,0.3,False
[9250:9299],185,9250,9299,,,reference,0.8837312822650587,0.7,0.3,True,0.7711918385428186,0.7,0.3,True,0.2174356072341449,0.7,0.3,True,0.22809456290014501,0.7,0.3,True,0.45242816282921305,0.7,0.3,False
[9300:9349],186,9300,9349,,,reference,0.8367065544758201,0.7,0.3,True,0.7347912838039953,0.7,0.3,True,0.2618502788017277,0.7,0.3,True,0.24300863642577383,0.7,0.3,True,0.47036703632564875,0.7,0.3,False
[9350:9399],187,9350,9399,,,reference,0.7849263000186818,0.7,0.3,True,0.778510206316442,0.7,0.3,True,0.19951951442610785,0.7,0.3,True,0.1773652601613675,0.7,0.3,True,0.4237333720834722,0.7,0.3,False
[9400:9449],188,9400,9449,,,reference,0.8003595825225374,0.7,0.3,True,0.7470721110863863,0.7,0.3,True,0.25070171611198094,0.7,0.3,True,0.2744750289742111,0.7,0.3,True,0.4464360630137002,0.7,0.3,False
[9450:9499],189,9450,9499,,,reference,0.7068210576760667,0.7,0.3,True,0.672060264919845,0.7,0.3,False,0.1611281568448925,0.7,0.3,True,0.24552955817521774,0.7,0.3,True,0.4783757697723229,0.7,0.3,False
[9500:9549],190,9500,9549,,,reference,0.8041844085704455,0.7,0.3,True,0.7023668460570833,0.7,0.3,True,0.25262482973516076,0.7,0.3,True,0.22909293061473246,0.7,0.3,True,0.4655143101655492,0.7,0.3,False
[9550:9599],191,9550,9599,,,reference,0.7862357576010591,0.7,0.3,True,0.6727201670818188,0.7,0.3,False,0.18484906251178831,0.7,0.3,True,0.22206883685971146,0.7,0.3,True,0.45330655069762776,0.7,0.3,False
[9600:9649],192,9600,9649,,,reference,0.8122317027879443,0.7,0.3,True,0.7682142074826659,0.7,0.3,True,0.21556081708081726,0.7,0.3,True,0.18502489757499913,0.7,0.3,True,0.46155189821076625,0.7,0.3,False
[9650:9699],193,9650,9699,,,reference,0.8114973698961456,0.7,0.3,True,0.7511415280158292,0.7,0.3,True,0.27112635422022474,0.7,0.3,True,0.22980469450835475,0.7,0.3,True,0.6031584831715432,0.7,0.3,False
[9700:9749],194,9700,9749,,,reference,0.8295972911874177,0.7,0.3,True,0.7521743397073459,0.7,0.3,True,0.1612614281508717,0.7,0.3,True,0.16982660369547142,0.7,0.3,True,0.4818895200446851,0.7,0.3,False
[9750:9799],195,9750,9799,,,reference,0.8002811075364669,0.7,0.3,True,0.7759217162499218,0.7,0.3,True,0.2663582742896859,0.7,0.3,True,0.1977661445870256,0.7,0.3,True,0.4147198288203559,0.7,0.3,False
[9800:9849],196,9800,9849,,,reference,0.8313702573714817,0.7,0.3,True,0.8427840247489335,0.7,0.3,True,0.32684650220674033,0.7,0.3,False,0.2517144699083463,0.7,0.3,True,0.4370024671640428,0.7,0.3,False
[9850:9899],197,9850,9899,,,reference,0.8388121142502021,0.7,0.3,True,0.7759217162499218,0.7,0.3,True,0.28985402750407824,0.7,0.3,True,0.17965975092108788,0.7,0.3,True,0.42666425846070677,0.7,0.3,False
[9900:9949],198,9900,9949,,,reference,0.8062526244393922,0.7,0.3,True,0.6723679249525119,0.7,0.3,False,0.1735086841599428,0.7,0.3,True,0.1686256681815757,0.7,0.3,True,0.43533255507817836,0.7,0.3,False
[9950:9999],199,9950,9999,,,reference,0.7980445344513326,0.7,0.3,True,0.754577107083347,0.7,0.3,True,0.23726679023875272,0.7,0.3,True,0.2211237355609848,0.7,0.3,True,0.47180428101134225,0.7,0.3,False
[0:49],0,0,49,,,analysis,0.6317483131081411,0.7,0.3,False,0.5517597927564428,0.7,0.3,False,0.9577871015259056,0.7,0.3,True,0.9315541036056688,0.7,0.3,True,0.25256423147504886,0.7,0.3,True
[50:99],1,50,99,,,analysis,0.5163947667761362,0.7,0.3,False,0.40032349225021163,0.7,0.3,False,0.9579135351262652,0.7,0.3,True,0.9331995152915074,0.7,0.3,True,0.23279054129321008,0.7,0.3,True
[100:149],2,100,149,,,analysis,0.6304557448280802,0.7,0.3,False,0.5450080004179043,0.7,0.3,False,0.9611773845361633,0.7,0.3,True,0.9316939557729998,0.7,0.3,True,0.16104584493551277,0.7,0.3,True
[150:225],3,150,225,,,analysis,0.4302841409933551,0.7,0.3,False,0.2677300361765827,0.7,0.3,True,0.9587681388063941,0.7,0.3,True,0.931782468332288,0.7,0.3,True,0.11428616805722878,0.7,0.3,True
